,NPP_capacity,NPP_capex_alpha,NPP_FOM_alpha,NPP_VOM_alpha,BOP_capacity,BOP_minimum,BOP_capex_alpha,BOP_FOM_alpha,BOP_VOM_alpha,TES_capacity,TES_capex_alpha,TES_FOM_alpha,TES_VOM_alpha,TES_sqrt_rte,random_seed
0,0.6902599271386862,-1376336374.5063543,-43623159.30724144,-8116.590443942323,0.45274971472099423,0.05295827351510525,-629219166.0031676,-44776077.549904585,-1797.6040951907635,1.7356271110475063,-5888246.280073188,-29659.960109740496,-8234.133718535304,0.674816383320864,109.0
1,0.7689941104501485,-1376336374.5063543,-43623159.30724144,-8116.590443942323,0.45274971472099423,0.05295827351510525,-629219166.0031676,-44776077.549904585,-1797.6040951907635,1.7356271110475063,-5888246.280073188,-29659.960109740496,-8234.133718535304,0.674816383320864,109.0
